,file,color,orientation,type
0,0002_c005_00085015_0,yellow,br,hatchback
1,0002_c006_00083525_1,yellow,front,hatchback
2,0002_c007_00085070_0,yellow,right,hatchback
3,0002_c011_00083595_0,yellow,front,hatchback
4,0005_c002_00075760_0,orange,back,hatchback
5,0005_c005_00078370_0,orange,br,hatchback
6,0005_c007_00078455_0,orange,right,hatchback
7,0005_c008_00077890_0,orange,bl,hatchback
8,0005_c009_00077840_0,orange,bl,hatchback
9,0005_c010_00077045_0,orange,back,hatchback
10,0005_c011_00076860_1,orange,front,hatchback
11,0006_c014_00022350_0,orange,fl,minivan
12,0006_c016_00026255_0,orange,fr,minivan
13,0006_c016_00026305_0,orange,fr,minivan
14,0006_c017_00023350_0,orange,fl,minivan
15,0006_c019_00024070_0,orange,front,minivan
16,0009_c001_00067380_0,green,br,suv
17,0009_c014_00070055_0,green,back,suv
18,0009_c014_00089265_0,green,fl,suv
19,0009_c015_00089450_0,green,bl,suv
20,0009_c016_00071080_0,green,fr,suv
21,0009_c017_00068935_0,green,back,suv
22,0014_c014_00039385_0,red,fl,sedan
23,0014_c015_00039395_0,red,bl,sedan
24,0014_c016_00039140_0,red,bl,sedan
25,0014_c019_00040070_0,red,bl,sedan
26,0027_c013_00012890_0,red,bl,sedan
27,0027_c014_00011395_0,red,fl,sedan
28,0027_c014_00011405_0,red,fl,sedan
29,0027_c015_00011465_0,red,bl,sedan
30,0027_c017_00012205_0,red,fl,sedan
31,0030_c008_00049745_0,red,front,sedan
32,0035_c002_00000430_1,red,br,sedan
33,0035_c003_00001885_0,red,back,sedan
34,0035_c010_00001265_0,red,back,sedan
35,0038_c003_00008570_0,red,right,sedan
36,0038_c004_00008430_0,red,back,sedan
37,0038_c008_00008270_0,red,front,sedan
38,0038_c013_00001635_0,red,front,sedan
39,0038_c013_00001665_0,red,front,sedan
40,0038_c019_00003575_0,red,front,sedan
41,0038_c019_00003580_0,red,front,sedan
42,0042_c010_00086400_0,blue,back,sedan
43,0042_c013_00083445_0,blue,bl,sedan
44,0061_c004_00083710_0,white,fl,pickup
45,0061_c004_00083720_0,white,fl,pickup
46,0063_c001_00009580_0,green,front,hatchback
47,0063_c012_00009305_0,green,fl,hatchback
48,0063_c012_00009310_0,green,fl,hatchback
49,0063_c017_00008670_2,green,fl,hatchback
50,0063_c017_00008690_2,green,fl,hatchback
51,0065_c002_00063105_0,green,fl,bus
52,0065_c004_00060115_0,green,br,bus
53,0065_c006_00061350_0,green,bl,bus
54,0065_c011_00061305_0,green,bl,bus
55,0065_c013_00064955_0,green,front,bus
56,0065_c016_00068395_0,green,fr,bus
57,0065_c017_00065835_0,green,back,bus
58,0066_c001_00060050_0,green,left,bus
59,0066_c012_00059070_0,green,fl,bus
60,0066_c013_00059205_0,green,bl,bus
61,0066_c013_00059215_0,green,bl,bus
62,0066_c014_00056815_0,green,fr,bus
63,0066_c016_00055460_0,green,bl,bus
64,0074_c003_00001840_0,gray,br,pickup
65,0074_c004_00001720_0,gray,fl,pickup
66,0074_c011_00001005_0,gray,front,pickup
67,0074_c014_00085685_0,gray,fl,pickup
68,0086_c014_00081920_0,gray,back,pickup
69,0086_c015_00081750_0,gray,front,pickup
70,0089_c005_00058765_0,green,br,pickup
71,0089_c005_00058785_0,green,br,pickup
72,0090_c004_00078410_0,green,back,pickup
73,0096_c012_00025275_1,black,back,pickup
74,0096_c019_00026135_0,black,front,pickup
75,0101_c013_00044035_0,green,front,pickup
76,0101_c016_00047285_0,green,fr,pickup
77,0101_c016_00047290_0,green,fr,pickup
78,0102_c014_00005400_0,green,fl,pickup
79,0102_c014_00005435_0,green,fl,pickup
80,0102_c014_00010480_0,green,back,pickup
81,0102_c016_00005050_0,green,bl,pickup
82,0102_c016_00005055_0,green,bl,pickup
83,0102_c016_00005070_0,green,bl,pickup
84,0102_c016_00010750_0,green,front,pickup
85,0102_c017_00006820_1,green,fl,pickup
86,0102_c017_00009425_0,green,back,pickup
87,0104_c003_00016950_0,green,fl,pickup
88,0106_c014_00029910_0,green,back,pickup
89,0106_c015_00015960_0,green,bl,pickup
90,0106_c017_00018840_0,green,fl,pickup
91,0108_c003_00077590_0,green,back,pickup
92,0108_c004_00077520_0,green,fl,pickup
93,0108_c007_00078270_0,green,right,pickup
94,0108_c008_00077800_0,green,back,pickup
95,0110_c001_00018870_0,green,front,pickup
96,0110_c004_00022495_0,green,fl,pickup
97,0110_c010_00022085_0,green,back,pickup
98,0113_c017_00081795_0,green,back,pickup
99,0113_c017_00081800_0,green,back,pickup
100,0113_c019_00081915_0,green,front,pickup
101,0117_c001_00048685_0,gray,br,pickup
102,0117_c012_00049190_1,gray,br,pickup
103,0118_c001_00068830_0,yellow,front,truck
104,0118_c003_00089050_0,white,back,truck
105,0118_c004_00089015_0,yellow,fl,truck
106,0118_c005_00089855_0,yellow,br,truck
107,0118_c007_00089885_0,yellow,right,truck
108,0118_c007_00089890_0,yellow,right,truck
109,0118_c007_00089905_0,yellow,right,truck
110,0118_c008_00089320_0,yellow,bl,truck
111,0118_c009_00089270_0,yellow,bl,truck
112,0118_c011_00088190_1,yellow,front,truck
113,0118_c012_00066915_0,yellow,fl,truck
114,0118_c015_00065425_0,yellow,bl,truck
115,0118_c019_00065995_1,yellow,bl,truck
116,0118_c019_00066020_0,yellow,bl,truck
117,0118_c019_00066025_0,yellow,bl,truck
118,0122_c012_00036990_0,blue,br,truck
119,0122_c012_00037005_0,blue,br,truck
120,0122_c013_00036865_0,blue,front,truck
121,0122_c015_00038445_0,blue,front,truck
122,0122_c016_00039705_0,blue,fr,truck
123,0122_c016_00039710_0,blue,fr,truck
124,0126_c009_00061195_0,white,bl,truck
125,0126_c009_00061200_0,white,bl,truck
126,0126_c013_00004080_0,white,bl,truck
127,0126_c013_00004090_0,white,bl,truck
128,0126_c014_00002495_0,white,fl,truck
129,0126_c019_00003150_0,white,bl,truck
130,0129_c014_00026690_1,white,fl,truck
131,0129_c017_00027580_0,white,fl,truck
132,0129_c019_00027420_0,white,bl,truck
133,0130_c003_00058575_1,white,back,truck
134,0130_c003_00058590_0,white,back,truck
135,0130_c003_00058600_0,white,back,truck
136,0130_c003_00058605_0,white,back,truck
137,0130_c009_00058815_0,white,bl,truck
138,0132_c012_00018355_0,white,fl,truck
139,0132_c013_00018475_0,white,bl,truck
140,0132_c014_00016300_0,white,fl,truck
141,0134_c001_00064820_1,white,bl,truck
142,0134_c002_00000395_0,white,back,truck
143,0134_c002_00063515_0,white,front,truck
144,0134_c004_00049235_0,white,fl,truck
145,0134_c005_00051475_0,white,br,truck
146,0134_c006_00061700_0,white,bl,truck
147,0134_c006_00061715_0,white,bl,truck
148,0134_c007_00051600_0,white,right,truck
149,0134_c008_00059470_0,white,fl,truck
150,0134_c009_00049795_0,white,bl,truck
151,0134_c009_00059655_0,white,front,truck
152,0134_c010_00061425_0,white,fl,truck
153,0134_c011_00047610_0,white,fl,truck
154,0134_c013_00065505_0,white,front,truck
155,0134_c014_00070340_0,white,back,truck
156,0134_c019_00068345_0,white,front,truck
157,0135_c007_00070925_0,white,right,truck
158,0135_c007_00070935_0,white,right,truck
159,0135_c009_00070360_0,white,bl,truck
160,0135_c013_00060440_0,white,bl,truck
161,0135_c014_00058305_1,white,fl,truck
162,0135_c017_00059525_0,white,fl,truck
163,0135_c019_00059320_0,white,bl,truck
164,0135_c019_00059325_0,white,bl,truck
165,0142_c014_00086470_0,white,fl,truck
166,0142_c015_00086525_0,white,bl,truck
167,0142_c016_00089850_0,white,fr,truck
168,0142_c019_00088335_0,white,front,truck
169,0143_c012_00073040_0,white,back,truck
170,0143_c012_00073045_0,white,back,truck
171,0143_c014_00074755_0,white,back,truck
172,0143_c016_00076505_0,white,fr,truck
173,0143_c016_00076525_0,white,fr,truck
174,0143_c016_00076535_0,white,fr,truck
175,0143_c019_00073915_0,white,front,truck
176,0144_c013_00027420_0,white,bl,truck
177,0144_c015_00024580_0,white,bl,truck
178,0150_c014_00050980_0,white,back,truck
179,0150_c014_00050985_0,white,back,truck
180,0150_c014_00051000_0,white,back,truck
181,0150_c019_00049835_0,white,front,truck
182,0150_c019_00049850_0,white,front,truck
183,0151_c001_00004585_0,white,fl,truck
184,0151_c002_00005045_0,white,br,truck
185,0151_c005_00087485_0,white,br,truck
186,0151_c006_00005655_0,white,fl,truck
187,0151_c006_00005740_0,white,front,truck
188,0151_c009_00006545_0,white,bl,truck
189,0151_c010_00005855_0,white,back,truck
190,0151_c019_00001850_0,white,bl,truck
191,0154_c012_00039665_1,red,br,truck
192,0154_c015_00040865_0,red,front,truck
193,0154_c019_00040335_0,red,front,truck
194,0162_c009_00033005_0,white,fr,truck
195,0166_c001_00038210_0,gray,fr,truck
196,0166_c013_00038845_0,gray,front,truck
197,0166_c014_00035220_0,gray,fl,truck
198,0166_c017_00036350_0,gray,fl,truck
199,0172_c002_00079620_0,gray,fl,truck
200,0172_c010_00078820_0,gray,fl,truck
201,0172_c017_00086995_0,gray,back,truck
202,0172_c019_00087150_0,gray,front,truck
203,0173_c012_00067495_0,gray,br,truck
204,0173_c013_00067310_0,gray,front,truck
205,0173_c019_00068420_0,gray,front,truck
206,0174_c001_00040605_0,gray,front,truck
207,0174_c001_00076030_0,gray,bl,truck
208,0174_c006_00043170_0,gray,fl,truck
209,0174_c006_00043290_0,gray,front,truck
210,0174_c006_00072805_0,gray,bl,truck
211,0174_c008_00044180_0,gray,bl,truck
212,0174_c008_00044195_0,gray,back,truck
213,0174_c009_00044140_0,gray,bl,truck
214,0174_c009_00072210_0,gray,fr,truck
215,0174_c010_00043435_0,gray,back,truck
216,0174_c012_00040325_0,gray,fl,truck
217,0177_c001_00072025_0,red,fl,sedan
218,0177_c012_00070020_0,red,fl,sedan
219,0177_c013_00070090_0,red,bl,sedan
220,0177_c014_00068575_0,red,fl,sedan
221,0177_c015_00068575_0,red,bl,sedan
222,0179_c001_00028700_2,red,front,sedan
223,0179_c002_00029125_0,red,br,sedan
224,0179_c012_00027980_0,red,fl,sedan
225,0179_c015_00026645_0,red,bl,sedan
226,0179_c019_00027620_0,red,front,sedan
227,0180_c002_00046440_0,red,front,sedan
228,0180_c002_00046495_0,red,fl,sedan
229,0180_c003_00044990_0,red,fl,sedan
230,0180_c004_00044875_0,red,br,sedan
231,0180_c004_00044890_0,red,br,sedan
232,0180_c008_00044725_0,red,fl,sedan
233,0180_c008_00044735_0,red,fl,sedan
234,0180_c009_00044805_0,red,fr,sedan
235,0180_c010_00045565_0,red,fl,sedan
236,0182_c002_00041120_2,red,front,sedan
237,0182_c008_00039240_0,red,fl,sedan
238,0182_c010_00039865_0,red,fl,sedan
239,0182_c011_00039845_0,red,bl,sedan
240,0183_c001_00026445_0,red,bl,sedan
241,0183_c017_00027825_0,red,back,sedan
242,0183_c019_00028085_0,red,front,sedan
243,0183_c019_00028090_0,red,front,sedan
244,0188_c003_00054985_0,red,br,sedan
245,0188_c006_00053340_0,red,fl,sedan
246,0188_c007_00055830_0,red,right,sedan
247,0188_c013_00048625_0,red,bl,sedan
248,0188_c014_00047125_0,red,fl,sedan
249,0188_c015_00047130_0,red,bl,sedan
250,0188_c016_00046980_0,red,bl,sedan
251,0188_c016_00046995_0,red,bl,sedan
252,0192_c003_00031745_0,red,fl,minivan
253,0192_c003_00078515_0,red,br,minivan
254,0192_c004_00031675_0,red,br,minivan
255,0192_c006_00032310_0,red,bl,minivan
256,0192_c010_00032190_0,red,fl,minivan
257,0196_c009_00077825_0,red,fr,sedan
258,0196_c010_00078420_0,red,fl,sedan
259,0197_c012_00026785_0,red,br,minivan
260,0197_c014_00035600_0,red,back,minivan
261,0197_c014_00035605_0,red,back,minivan
262,0197_c016_00013485_0,red,bl,minivan
263,0197_c017_00023960_2,red,fl,hatchback
264,0205_c005_00057185_0,red,br,hatchback
265,0205_c008_00056725_0,red,back,hatchback
266,0205_c009_00056670_0,red,bl,hatchback
267,0205_c011_00055680_0,red,front,hatchback
268,0205_c011_00055710_0,red,front,hatchback
269,0207_c001_00029430_0,red,fl,hatchback
270,0207_c001_00029460_0,red,fl,hatchback
271,0207_c012_00029125_0,red,fl,hatchback
272,0207_c014_00018635_0,red,fl,hatchback
273,0207_c015_00018705_0,red,bl,hatchback
274,0207_c016_00018425_1,red,bl,hatchback
275,0216_c015_00089200_0,red,front,hatchback
276,0218_c004_00043515_0,red,br,hatchback
277,0218_c004_00066975_0,red,fl,hatchback
278,0218_c004_00066980_0,red,fl,hatchback
279,0218_c005_00067710_0,red,br,hatchback
280,0218_c005_00067755_0,red,back,hatchback
281,0218_c007_00067825_0,red,right,hatchback
282,0218_c008_00067280_0,red,bl,hatchback
283,0218_c008_00067295_0,red,back,hatchback
284,0218_c009_00043370_1,red,front,hatchback
285,0218_c010_00066525_0,red,back,hatchback
286,0218_c011_00044120_0,red,bl,hatchback
287,0219_c017_00027090_0,red,br,hatchback
288,0231_c014_00035030_0,gray,fl,sedan
289,0231_c016_00034845_1,gray,bl,sedan
290,0231_c016_00034855_1,gray,bl,sedan
291,0231_c017_00035840_0,gray,fl,sedan
292,0231_c019_00035685_0,gray,bl,sedan
293,0237_c016_00065310_0,white,bl,sedan
294,0240_c013_00046065_0,gray,front,minivan
295,0240_c015_00047245_0,gray,front,minivan
296,0240_c016_00047690_0,gray,fr,minivan
297,0241_c012_00034175_0,gray,back,van
298,0241_c016_00036345_1,gray,front,van
299,0241_c017_00034740_0,gray,back,van
300,0241_c019_00034940_1,gray,front,van
301,0241_c019_00034975_0,gray,front,van
302,0247_c002_00089940_0,brown,br,sedan
303,0247_c012_00084200_0,brown,fl,sedan
304,0247_c014_00082340_0,brown,fl,sedan
305,0247_c015_00082385_0,brown,bl,sedan
306,0247_c016_00082120_0,brown,bl,sedan
307,0247_c017_00083620_0,brown,fl,sedan
308,0247_c019_00083350_0,brown,bl,sedan
309,0247_c019_00083370_0,brown,bl,sedan
310,0249_c001_00019260_0,black,bl,sedan
311,0249_c012_00019850_1,black,br,sedan
312,0249_c013_00019735_0,black,fl,sedan
313,0249_c014_00021415_0,black,br,sedan
314,0249_c015_00021240_0,black,front,sedan
315,0249_c015_00021260_0,black,front,sedan
316,0249_c016_00021630_0,black,fr,sedan
317,0249_c017_00020550_0,black,br,sedan
318,0249_c019_00020745_0,black,front,sedan
319,0262_c001_00014350_0,gray,fl,minivan
320,0262_c012_00019955_0,gray,br,minivan
321,0262_c013_00013550_0,gray,bl,minivan
322,0262_c015_00021760_0,gray,front,minivan
323,0262_c016_00022120_0,gray,fr,minivan
324,0273_c001_00040685_0,blue,bl,bus
325,0273_c002_00039190_1,blue,fl,bus
326,0273_c003_00036590_0,blue,fl,bus
327,0273_c004_00036480_0,blue,br,bus
328,0273_c009_00036335_0,blue,front,bus
329,0273_c010_00037615_0,blue,fl,bus
330,0273_c012_00041195_0,blue,br,bus
331,0273_c014_00044480_0,blue,back,bus
332,0273_c019_00042755_0,blue,front,bus
333,0273_c019_00042810_0,blue,front,bus
334,0281_c001_00033860_0,white,bl,bus
335,0281_c006_00031000_0,white,bl,bus
336,0281_c006_00031015_1,white,bl,bus
337,0281_c008_00029880_0,blue,fl,bus
338,0281_c009_00029950_0,blue,fr,bus
339,0281_c009_00029960_0,blue,fr,bus
340,0281_c012_00034440_0,white,br,bus
341,0281_c012_00034445_0,white,br,bus
342,0281_c015_00037735_0,blue,front,bus
343,0281_c015_00087600_0,white,bl,bus
344,0281_c017_00036150_0,white,back,bus
345,0288_c003_00028785_0,white,fl,hatchback
346,0288_c006_00029375_0,white,bl,hatchback
347,0288_c008_00028535_0,white,front,hatchback
348,0288_c010_00029275_0,white,fl,hatchback
349,0288_c013_00064405_0,white,front,hatchback
350,0294_c003_00060990_0,white,bl,hatchback
351,0294_c005_00061730_0,white,br,hatchback
352,0295_c012_00037995_0,white,fl,hatchback
353,0295_c015_00036590_0,white,bl,hatchback
354,0295_c015_00036610_0,white,bl,hatchback
355,0295_c016_00036360_0,white,bl,hatchback
356,0295_c017_00037490_0,white,fl,hatchback
357,0295_c019_00037285_0,white,bl,hatchback
358,0296_c013_00060530_0,white,bl,hatchback
359,0296_c016_00058230_1,white,bl,hatchback
360,0296_c016_00058240_0,white,bl,hatchback
361,0296_c017_00059680_0,white,fl,hatchback
362,0296_c017_00059685_0,white,fl,hatchback
363,0296_c019_00059415_0,white,bl,hatchback
364,0298_c014_00045180_0,white,fl,van
365,0298_c016_00044965_0,white,bl,van
366,0299_c002_00046750_0,white,bl,van
367,0299_c002_00046780_0,white,bl,van
368,0299_c002_00076025_0,white,br,van
369,0299_c003_00077720_0,white,back,van
370,0299_c005_00078445_0,white,br,van
371,0299_c006_00076830_3,white,front,van
372,0299_c010_00077105_0,white,back,van
373,0299_c011_00076885_2,white,front,van
374,0300_c002_00081405_0,white,br,hatchback
375,0300_c014_00076845_0,white,fl,hatchback
376,0300_c015_00076865_0,white,bl,hatchback
377,0300_c015_00076885_0,white,bl,hatchback
378,0300_c017_00077925_0,white,fl,hatchback
379,0300_c019_00077690_0,white,bl,hatchback
380,0306_c003_00016520_0,white,fr,hatchback
381,0306_c003_00016535_0,white,fr,hatchback
382,0306_c004_00016445_0,white,br,hatchback
383,0310_c005_00016855_1,white,br,sedan
384,0310_c006_00015000_0,white,front,sedan
385,0310_c007_00017020_0,white,right,sedan
386,0310_c010_00015165_0,white,back,sedan
387,0310_c011_00014930_0,white,front,sedan
388,0315_c002_00027185_2,white,front,sedan
389,0315_c004_00025395_0,white,right,sedan
390,0315_c004_00025415_0,white,br,sedan
391,0315_c006_00000110_0,white,front,sedan
392,0315_c006_00025985_0,white,bl,sedan
393,0315_c006_00026025_0,white,bl,sedan
394,0315_c008_00000840_0,white,bl,sedan
395,0315_c011_00025980_0,white,bl,sedan
396,0315_c017_00034505_0,white,back,sedan
397,0318_c001_00026110_0,white,front,sedan
398,0318_c001_00062330_0,white,bl,sedan
399,0318_c008_00006275_0,white,bl,sedan
400,0318_c009_00006195_0,white,bl,sedan
401,0318_c010_00005580_0,white,back,sedan
402,0318_c013_00024245_0,white,bl,sedan
403,0318_c014_00022435_0,white,fl,sedan
404,0318_c016_00022085_0,white,bl,sedan
405,0318_c016_00065815_0,white,fr,sedan
406,0318_c019_00064420_1,white,front,sedan
407,0319_c004_00086360_0,white,fl,sedan
408,0319_c004_00086380_0,white,fl,sedan
409,0319_c004_00086405_0,white,fl,sedan
410,0319_c006_00085670_0,white,front,sedan
411,0319_c007_00087240_0,white,right,sedan
412,0319_c008_00086605_0,white,bl,sedan
413,0319_c009_00086590_0,white,bl,sedan
414,0322_c001_00040365_0,white,front,sedan
415,0322_c002_00040960_0,white,back,sedan
416,0322_c012_00039045_0,white,fl,sedan
417,0322_c013_00039175_0,white,bl,sedan
418,0322_c016_00037515_1,white,bl,sedan
419,0326_c004_00087035_0,white,fl,sedan
420,0326_c009_00089965_0,white,bl,sedan
421,0326_c011_00086150_0,white,front,sedan
422,0326_c011_00086195_0,white,front,sedan
423,0332_c012_00013115_0,white,br,sedan
424,0332_c014_00014975_0,white,back,sedan
425,0332_c017_00013705_0,white,back,sedan
426,0337_c001_00073725_1,white,bl,sedan
427,0337_c001_00073745_0,white,bl,sedan
428,0337_c003_00071395_0,white,fl,sedan
429,0337_c004_00071285_0,white,br,sedan
430,0337_c008_00034680_0,white,bl,sedan
431,0337_c008_00034685_0,white,bl,sedan
432,0337_c008_00071190_1,white,front,sedan
433,0337_c009_00034195_0,white,fr,sedan
434,0337_c010_00071790_1,white,fl,sedan
435,0337_c013_00074075_0,white,front,sedan
436,0344_c001_00034150_0,white,br,sedan
437,0344_c001_00034180_0,white,br,sedan
438,0344_c012_00034600_0,white,br,sedan
439,0344_c013_00034465_0,white,front,sedan
440,0344_c017_00035190_1,white,br,sedan
441,0357_c014_00069270_0,white,front,sedan
442,0361_c001_00035890_0,white,bl,sedan
443,0361_c003_00072920_0,white,fl,sedan
444,0361_c004_00072835_0,white,br,sedan
445,0361_c009_00072740_0,white,fr,sedan
446,0361_c009_00072745_0,white,fr,sedan
447,0361_c010_00073535_0,white,fl,sedan
448,0361_c014_00038050_1,white,back,sedan
449,0361_c014_00038060_1,white,back,sedan
450,0361_c016_00038740_0,white,front,sedan
451,0361_c017_00036945_0,white,back,sedan
452,0365_c001_00026550_0,white,bl,minivan
453,0365_c002_00031370_0,white,back,minivan
454,0365_c003_00034620_0,white,back,minivan
455,0365_c003_00086330_0,white,fl,minivan
456,0365_c006_00033645_0,white,fl,minivan
457,0365_c009_00086235_0,white,fr,minivan
458,0365_c010_00033880_0,white,back,minivan
459,0365_c010_00086725_0,white,fl,minivan
460,0365_c012_00028990_0,white,back,minivan
461,0368_c002_00062720_0,white,br,minivan
462,0368_c003_00065505_0,white,back,minivan
463,0368_c006_00064800_0,white,front,minivan
464,0368_c009_00065705_0,white,bl,minivan
465,0368_c011_00064820_1,white,front,minivan
466,0368_c011_00064825_0,white,front,minivan
467,0368_c011_00064830_0,white,front,minivan
468,0369_c001_00001110_0,white,fl,minivan
469,0369_c012_00034525_0,white,br,minivan
470,0369_c013_00034365_0,white,front,minivan
471,0369_c017_00000360_0,white,fl,minivan
472,0369_c017_00035000_0,white,back,minivan
473,0369_c017_00035025_0,white,back,minivan
474,0371_c014_00065450_0,white,back,minivan
475,0371_c019_00063710_0,white,bl,minivan
476,0371_c019_00063715_0,white,bl,minivan
477,0371_c019_00064625_0,white,front,minivan
478,0373_c003_00075950_0,white,fl,minivan
479,0373_c003_00075995_0,white,fl,minivan
480,0373_c004_00075925_0,white,br,minivan
481,0380_c001_00064470_0,white,bl,minivan
482,0380_c002_00062705_0,white,front,minivan
483,0380_c003_00060870_0,white,fl,minivan
484,0380_c003_00060875_0,white,fl,minivan
485,0380_c004_00060745_1,white,br,minivan
486,0380_c004_00060750_0,white,br,minivan
487,0380_c006_00061585_1,white,bl,minivan
488,0380_c006_00061610_0,white,bl,minivan
489,0380_c009_00060695_0,white,fr,minivan
490,0380_c010_00061585_0,white,fl,minivan
491,0385_c015_00037585_0,white,bl,suv
492,0385_c015_00037590_0,white,bl,suv
493,0385_c015_00037605_0,white,bl,suv
494,0385_c015_00061980_0,white,front,suv
495,0385_c016_00048280_0,white,bl,suv
496,0385_c016_00062465_0,white,fr,suv
497,0385_c016_00062470_0,white,fr,suv
498,0385_c017_00038365_0,white,fl,suv
499,0385_c017_00061280_0,white,back,suv
500,0385_c019_00061445_0,white,front,suv
501,0391_c012_00033975_0,yellow,br,truck
502,0391_c015_00035500_0,yellow,front,truck
503,0392_c001_00003265_0,yellow,fl,truck
504,0392_c012_00027770_0,yellow,back,truck
505,0392_c012_00027785_0,yellow,back,truck
506,0392_c014_00029405_0,yellow,back,truck
507,0392_c014_00029420_0,yellow,back,truck
508,0392_c015_00000845_0,yellow,bl,truck
509,0392_c016_00000270_0,yellow,bl,truck
510,0392_c017_00002240_0,yellow,fl,truck
511,0398_c001_00043260_0,yellow,bl,truck
512,0398_c001_00043270_0,yellow,bl,truck
513,0398_c012_00043860_0,yellow,br,truck
514,0398_c013_00043735_0,yellow,front,truck
515,0398_c019_00044910_0,yellow,front,truck
516,0402_c002_00016055_0,yellow,fl,truck
517,0402_c002_00073075_0,yellow,fr,truck
518,0402_c002_00073155_0,yellow,fl,truck
519,0402_c010_00055530_0,yellow,back,truck
520,0402_c011_00055315_0,yellow,front,truck
521,0402_c012_00049530_0,yellow,fl,truck
522,0402_c014_00019555_0,yellow,back,truck
523,0402_c015_00076485_0,yellow,front,truck
524,0402_c016_00019790_0,yellow,fr,truck
525,0402_c016_00019795_0,yellow,fr,truck
526,0402_c016_00077700_0,yellow,fr,truck
527,0402_c016_00077710_0,yellow,fr,truck
528,0402_c017_00075635_0,yellow,back,truck
529,0402_c017_00075655_0,yellow,back,truck
530,0402_c019_00075855_1,yellow,front,truck
531,0404_c001_00017375_0,yellow,fl,truck
532,0404_c001_00041715_0,yellow,br,truck
533,0404_c012_00015760_0,yellow,fl,truck
534,0404_c012_00042180_0,yellow,br,truck
535,0404_c016_00013255_0,yellow,bl,truck
536,0404_c019_00042915_0,yellow,front,truck
537,0405_c001_00042715_0,yellow,front,truck
538,0405_c002_00006755_0,yellow,fl,truck
539,0405_c002_00043220_2,yellow,br,truck
540,0405_c004_00046080_0,yellow,fl,truck
541,0405_c012_00008000_0,yellow,br,truck
542,0405_c012_00041015_0,yellow,fl,truck
543,0405_c012_00062905_0,yellow,br,truck
544,0405_c012_00062910_0,yellow,br,truck
545,0405_c013_00062620_0,yellow,front,truck
546,0405_c014_00009970_0,yellow,back,truck
547,0405_c014_00065250_0,yellow,back,truck
548,0405_c015_00009825_0,yellow,front,truck
549,0405_c015_00039665_0,yellow,bl,truck
550,0405_c015_00039680_0,yellow,bl,truck
551,0405_c016_00039390_0,yellow,bl,truck
552,0405_c017_00008905_0,yellow,back,truck
553,0405_c017_00040470_0,yellow,fl,truck
554,0405_c017_00064045_0,yellow,back,truck
555,0405_c017_00064060_0,yellow,back,truck
556,0405_c019_00009135_0,yellow,front,truck
557,0405_c019_00064305_0,yellow,front,truck
558,0416_c012_00020465_0,gray,br,minivan
559,0416_c013_00020280_0,gray,front,minivan
560,0416_c016_00023785_0,gray,fr,minivan
561,0416_c017_00021300_0,gray,back,minivan
562,0416_c019_00021555_0,gray,front,minivan
563,0417_c004_00088690_0,gray,left,minivan
564,0418_c012_00006130_0,gray,br,minivan
565,0420_c003_00063610_0,gray,fl,minivan
566,0420_c003_00063620_0,gray,fl,minivan
567,0420_c008_00063430_0,gray,fl,minivan
568,0420_c011_00064055_0,gray,bl,minivan
569,0421_c001_00064095_0,gray,fl,minivan
570,0421_c002_00064765_0,gray,br,minivan
571,0421_c012_00062845_0,gray,fl,minivan
572,0421_c013_00062925_0,gray,bl,minivan
573,0421_c015_00060865_0,gray,bl,minivan
574,0421_c017_00062205_0,gray,bl,minivan
575,0446_c001_00066420_0,gray,fl,van
576,0446_c002_00067035_0,gray,br,van
577,0446_c002_00067055_0,gray,back,van
578,0446_c003_00070110_0,gray,back,van
579,0446_c003_00070130_0,gray,back,van
580,0446_c010_00069455_0,gray,back,van
581,0446_c012_00064190_0,gray,fl,van
582,0446_c012_00064220_0,gray,fl,van
583,0446_c014_00033240_0,gray,back,van
584,0446_c015_00042110_0,gray,bl,van
585,0446_c015_00042125_0,gray,bl,van
586,0446_c016_00033575_0,gray,fr,van
587,0446_c016_00041835_0,gray,bl,van
588,0446_c017_00043010_1,gray,fl,van
589,0446_c017_00043050_1,gray,fl,van
590,0446_c017_00043075_1,gray,fl,van
591,0446_c017_00043095_1,gray,fl,van
592,0446_c019_00042820_1,gray,bl,van
593,0456_c015_00006955_0,gray,front,sedan
594,0456_c016_00010495_0,gray,front,sedan
595,0456_c019_00000155_0,gray,front,sedan
596,0461_c014_00017310_0,black,back,sedan
597,0461_c016_00018410_0,black,fr,sedan
598,0467_c003_00057095_0,black,left,sedan
599,0467_c008_00057345_0,black,bl,sedan
600,0467_c014_00014430_0,black,fl,sedan
601,0467_c015_00014570_0,black,bl,sedan
602,0467_c015_00016950_0,black,front,sedan
603,0467_c015_00016955_0,black,front,sedan
604,0467_c015_00016970_0,black,front,sedan
605,0467_c017_00015580_0,black,fl,sedan
606,0467_c019_00016400_0,black,front,sedan
607,0473_c001_00005520_0,black,fl,sedan
608,0473_c008_00031000_0,black,bl,sedan
609,0473_c019_00004565_0,black,bl,sedan
610,0473_c019_00004580_0,black,bl,sedan
611,0476_c014_00010430_0,black,fl,sedan
612,0476_c016_00010230_0,black,bl,sedan
613,0476_c017_00011395_1,black,fl,sedan
614,0477_c005_00060760_1,black,br,sedan
615,0477_c006_00059155_0,black,fl,sedan
616,0477_c008_00060385_0,black,back,sedan
617,0477_c009_00060320_0,black,bl,sedan
618,0477_c012_00019290_0,black,fl,sedan
619,0477_c013_00019335_0,black,bl,sedan
620,0477_c013_00019355_0,black,bl,sedan
621,0477_c014_00018030_0,black,fl,sedan
622,0477_c014_00018050_0,black,fl,sedan
623,0477_c015_00018060_0,black,bl,sedan
624,0477_c016_00017840_0,black,bl,sedan
625,0477_c019_00018545_0,black,bl,sedan
626,0477_c019_00018560_0,black,bl,sedan
627,0480_c001_00022180_0,black,left,sedan
628,0480_c013_00020400_0,black,bl,sedan
629,0480_c014_00077285_0,black,back,sedan
630,0482_c006_00052775_0,gray,front,sedan
631,0482_c007_00054855_0,gray,right,sedan
632,0482_c008_00054200_0,gray,bl,sedan
633,0482_c008_00054205_0,gray,bl,sedan
634,0485_c005_00051200_1,gray,br,sedan
635,0485_c010_00050175_0,gray,bl,sedan
636,0486_c002_00038280_0,gray,bl,sedan
637,0486_c005_00040645_0,gray,br,sedan
638,0486_c015_00075110_0,gray,bl,sedan
639,0486_c016_00074645_0,gray,bl,sedan
640,0486_c016_00074650_0,gray,bl,sedan
641,0489_c002_00076085_1,gray,br,sedan
642,0489_c002_00076095_0,gray,br,sedan
643,0489_c004_00084640_0,gray,fl,sedan
644,0489_c006_00076985_0,gray,fl,sedan
645,0489_c007_00085695_0,gray,right,sedan
646,0489_c007_00085730_0,gray,right,sedan
647,0494_c002_00022625_0,gray,front,sedan
648,0494_c004_00021520_0,gray,br,sedan
649,0494_c006_00022090_0,gray,bl,sedan
650,0507_c002_00051780_0,gray,br,sedan
651,0507_c002_00051840_0,gray,back,sedan
652,0507_c003_00055830_0,gray,back,sedan
653,0507_c009_00056020_0,gray,bl,sedan
654,0507_c009_00056030_0,gray,bl,sedan
655,0510_c003_00030235_0,gray,fl,sedan
656,0510_c003_00030240_0,gray,fl,sedan
657,0510_c008_00029975_0,gray,fl,sedan
658,0510_c010_00030850_1,gray,fl,sedan
659,0515_c015_00054235_0,gray,bl,sedan
660,0515_c015_00054245_0,gray,bl,sedan
661,0515_c015_00056485_0,gray,front,sedan
662,0515_c016_00056935_0,gray,front,sedan
663,0515_c019_00055065_0,gray,bl,sedan
664,0515_c019_00056005_0,gray,front,sedan
665,0518_c016_00044330_0,gray,bl,sedan
666,0518_c016_00044335_0,gray,bl,sedan
667,0518_c017_00046035_0,gray,fl,sedan
668,0522_c002_00083890_0,gray,front,sedan
669,0522_c003_00081095_0,gray,fl,sedan
670,0522_c004_00080960_0,gray,fr,sedan
671,0522_c006_00081545_1,gray,bl,sedan
672,0522_c011_00038705_0,gray,front,sedan
673,0522_c011_00038740_0,gray,front,sedan
674,0522_c011_00081580_0,gray,bl,sedan
675,0541_c001_00055075_0,gray,bl,sedan
676,0541_c002_00053260_0,gray,fl,sedan
677,0541_c006_00051875_0,gray,bl,sedan
678,0541_c008_00051030_0,gray,fl,sedan
679,0541_c008_00051040_0,gray,fl,sedan
680,0541_c009_00051110_0,gray,front,sedan
681,0543_c003_00000350_0,gray,fl,sedan
682,0543_c006_00000920_1,gray,bl,sedan
683,0543_c008_00000120_0,gray,fl,sedan
684,0543_c010_00000850_0,gray,fl,sedan
685,0545_c002_00017250_0,gray,front,sedan
686,0545_c003_00015065_0,gray,fl,sedan
687,0545_c004_00015000_0,gray,br,sedan
688,0545_c009_00014850_0,gray,fr,sedan
689,0545_c010_00015615_0,gray,fl,sedan
690,0546_c004_00020335_0,gray,fl,sedan
691,0546_c006_00019675_0,gray,front,sedan
692,0546_c008_00020625_0,gray,back,sedan
693,0546_c011_00019695_0,gray,front,sedan
694,0546_c013_00016630_0,gray,bl,sedan
695,0546_c013_00016650_0,gray,bl,sedan
696,0554_c002_00017685_0,gray,bl,sedan
697,0554_c002_00017695_0,gray,bl,sedan
698,0554_c002_00017705_0,gray,bl,sedan
699,0554_c005_00021655_0,gray,br,sedan
700,0566_c014_00038555_0,gray,back,sedan
701,0566_c014_00038575_0,gray,back,sedan
702,0566_c017_00037650_1,gray,back,sedan
703,0569_c013_00087985_0,gray,bl,sedan
704,0569_c015_00085595_0,gray,bl,sedan
705,0570_c009_00069965_0,gray,bl,sedan
706,0576_c001_00062710_0,black,br,suv
707,0576_c001_00062750_0,black,br,suv
708,0576_c001_00076205_0,black,fr,suv
709,0576_c001_00076285_0,black,br,suv
710,0576_c013_00062985_0,black,front,suv
711,0576_c014_00078330_0,black,bl,suv
712,0576_c017_00064340_0,black,br,suv
713,0576_c017_00074685_0,black,fl,suv
714,0576_c019_00066850_0,black,front,suv
715,0581_c003_00087805_0,black,fr,suv
716,0581_c009_00087590_0,black,front,suv
717,0582_c001_00026160_0,black,front,suv
718,0582_c002_00026700_0,black,back,suv
719,0582_c006_00028830_0,black,front,suv
720,0582_c010_00028940_0,black,back,suv
721,0582_c011_00028750_0,black,front,suv
722,0584_c001_00060150_0,black,br,suv
723,0584_c012_00060630_0,black,br,suv
724,0584_c014_00062085_0,black,back,suv
725,0584_c015_00061900_0,black,front,suv
726,0584_c016_00062390_0,black,fr,suv
727,0584_c016_00062395_0,black,fr,suv
728,0584_c019_00061365_0,black,front,suv
729,0584_c019_00061370_0,black,front,suv
730,0584_c019_00061380_0,black,front,suv
731,0584_c019_00061385_0,black,front,suv
732,0585_c001_00028535_0,black,bl,suv
733,0585_c001_00069695_0,black,fl,suv
734,0585_c002_00005805_0,black,br,suv
735,0585_c003_00025085_1,black,fl,suv
736,0585_c009_00024915_0,black,fr,suv
737,0585_c009_00024920_0,black,fr,suv
738,0585_c010_00007865_0,black,back,suv
739,0585_c012_00004420_0,black,fl,suv
740,0585_c012_00028970_0,black,br,suv
741,0585_c013_00004545_1,black,bl,suv
742,0585_c013_00028780_0,black,front,suv
743,0585_c013_00028840_0,black,front,suv
744,0585_c013_00068120_0,black,bl,suv
745,0585_c014_00031455_0,black,back,suv
746,0585_c014_00031635_1,black,bl,suv
747,0585_c015_00031175_0,black,fl,suv
748,0585_c015_00031185_0,black,fl,suv
749,0585_c015_00066475_1,black,bl,suv
750,0585_c016_00065035_0,black,front,suv
751,0585_c016_00066285_0,black,bl,suv
752,0585_c016_00066295_0,black,bl,suv
753,0585_c017_00029455_0,black,back,suv
754,0585_c017_00067420_0,black,fl,suv
755,0585_c019_00029675_0,black,front,suv
756,0585_c019_00029685_0,black,front,suv
757,0585_c019_00067115_0,black,bl,suv
758,0586_c012_00066775_0,black,br,suv
759,0588_c014_00062360_0,black,back,suv
760,0588_c015_00062175_0,black,front,suv
761,0588_c017_00061500_0,black,back,suv
762,0590_c012_00046980_0,black,br,suv
763,0590_c014_00048800_0,black,back,suv
764,0590_c015_00048560_0,black,front,suv
765,0590_c017_00047685_0,black,back,suv
766,0590_c019_00047905_1,black,front,suv
767,0590_c019_00047915_0,black,front,suv
768,0593_c014_00042690_0,black,fl,suv
769,0593_c015_00042700_0,black,bl,suv
770,0593_c017_00044045_0,black,back,suv
771,0593_c019_00044330_0,black,front,suv
772,0597_c003_00003195_0,black,left,suv
773,0597_c005_00066235_0,black,br,suv
774,0597_c007_00066300_0,black,right,suv
775,0598_c002_00045695_0,black,front,suv
776,0598_c004_00042765_0,black,br,suv
777,0598_c009_00042660_0,black,fr,suv
778,0598_c009_00042680_0,black,fr,suv
779,0598_c014_00067850_0,black,back,suv
780,0598_c014_00067860_0,black,back,suv
781,0598_c015_00067680_0,black,front,suv
782,0598_c019_00066775_1,black,front,suv
783,0598_c019_00066780_1,black,front,suv
784,0602_c003_00027235_1,black,bl,suv
785,0602_c005_00028175_2,black,br,suv
786,0602_c006_00026395_0,black,front,suv
787,0602_c006_00026420_0,black,front,suv
788,0602_c007_00028280_1,black,right,suv
789,0602_c008_00027560_0,black,bl,suv
790,0602_c012_00023565_0,black,fl,suv
791,0602_c014_00022130_0,black,fl,suv
792,0602_c015_00032995_1,black,bl,suv
793,0602_c016_00021900_0,black,bl,suv
794,0602_c019_00022785_1,black,bl,suv
795,0606_c014_00087220_0,black,fl,suv
796,0606_c017_00088930_0,black,fl,suv
797,0606_c017_00088970_0,black,fl,suv
798,0609_c001_00014105_0,black,bl,suv
799,0609_c002_00043530_0,black,fl,suv
800,0609_c003_00042355_0,black,fl,suv
801,0609_c004_00042270_0,black,br,suv
802,0609_c004_00042280_0,black,br,suv
803,0609_c004_00089115_0,black,fl,suv
804,0609_c010_00011795_0,black,fl,suv
805,0609_c010_00042935_0,black,fl,suv
806,0609_c011_00011825_0,black,bl,suv
807,0609_c016_00015905_0,black,fr,suv
808,0610_c002_00085245_0,black,back,suv
809,0610_c002_00085265_0,black,bl,suv
810,0610_c003_00086635_0,black,back,suv
811,0610_c004_00086610_0,black,fl,suv
812,0610_c007_00087350_0,black,right,suv
813,0610_c009_00086805_0,black,bl,suv
814,0610_c010_00086260_0,black,bl,suv
815,0610_c011_00085975_2,black,fl,suv
816,0610_c014_00071155_0,black,fl,suv
817,0610_c014_00071170_0,black,fl,suv
818,0612_c003_00087510_0,black,fl,suv
819,0612_c006_00088005_0,black,bl,suv
820,0612_c006_00088025_2,black,bl,suv
821,0612_c008_00087215_0,black,fl,suv
822,0612_c010_00087950_0,black,fl,suv
823,0614_c014_00089425_0,black,back,suv
824,0614_c014_00089450_0,black,br,suv
825,0615_c004_00007875_0,black,fl,suv
826,0615_c005_00008920_0,black,br,suv
827,0615_c007_00008910_0,black,right,suv
828,0615_c007_00008915_0,black,right,suv
829,0615_c007_00008935_0,black,right,suv
830,0622_c016_00065335_0,black,bl,sedan
831,0623_c015_00078945_0,black,bl,sedan
832,0623_c015_00078955_0,black,bl,sedan
833,0623_c019_00079695_0,black,bl,sedan
834,0623_c019_00079705_0,black,bl,sedan
835,0624_c004_00059150_0,black,br,sedan
836,0624_c008_00059045_0,black,fl,sedan
837,0624_c009_00059120_0,black,fr,sedan
838,0625_c005_00011020_0,black,br,sedan
839,0625_c006_00009605_0,black,front,sedan
840,0625_c007_00011030_0,black,right,sedan
841,0625_c008_00010400_0,black,bl,sedan
842,0625_c010_00009735_0,black,back,sedan
843,0625_c011_00009540_0,black,front,sedan
844,0630_c002_00039260_0,black,fl,sedan
845,0630_c004_00051075_0,black,fl,sedan
846,0630_c005_00051900_0,black,br,sedan
847,0630_c006_00050435_0,black,front,sedan
848,0630_c008_00036630_0,black,fl,sedan
849,0630_c008_00051305_0,black,bl,sedan
850,0630_c010_00037430_0,black,fl,sedan
851,0630_c011_00037500_1,black,bl,sedan
852,0630_c011_00050370_0,black,front,sedan
853,0634_c002_00054685_0,black,back,sedan
854,0634_c003_00056470_0,black,br,sedan
855,0634_c004_00056310_1,black,fl,sedan
856,0642_c014_00023320_0,black,back,sedan
857,0642_c015_00023135_0,black,front,sedan
858,0642_c017_00021330_0,black,fl,sedan
859,0642_c017_00021340_0,black,fl,sedan
860,0642_c019_00021105_0,black,bl,sedan
861,0646_c014_00006855_0,black,fl,sedan
862,0646_c018_00008050_0,black,bl,sedan
863,0646_c018_00008105_0,black,back,sedan
864,0646_c019_00007610_0,black,bl,sedan
865,0646_c019_00007615_0,black,bl,sedan
866,0652_c003_00063205_0,black,back,sedan
867,0652_c009_00063335_0,black,bl,sedan
868,0652_c010_00062640_0,black,back,sedan
869,0653_c015_00069305_0,black,bl,sedan
870,0654_c003_00018705_0,black,fl,sedan
871,0654_c003_00052050_0,black,back,sedan
872,0654_c004_00018600_0,black,br,sedan
873,0654_c006_00019265_0,black,bl,sedan
874,0654_c009_00018495_0,black,front,sedan
875,0654_c010_00019200_0,black,fl,sedan
876,0654_c010_00019205_0,black,fl,sedan
877,0654_c011_00019280_0,black,bl,sedan
878,0657_c002_00067625_0,black,fl,sedan
879,0657_c003_00064950_1,black,fl,sedan
880,0657_c004_00064760_0,black,fr,sedan
881,0657_c011_00066365_1,black,bl,sedan
882,0657_c011_00066385_1,black,bl,sedan
883,0657_c011_00066395_1,black,bl,sedan
884,0657_c014_00015235_0,black,back,sedan
885,0657_c015_00015110_0,black,front,sedan
886,0657_c016_00015625_0,black,front,sedan
887,0659_c001_00078350_0,black,bl,sedan
888,0659_c001_00078355_0,black,bl,sedan
889,0659_c004_00074340_0,black,br,sedan
890,0659_c008_00074205_0,black,fl,sedan
891,0659_c010_00074865_0,black,fl,sedan
892,0659_c012_00078845_0,black,br,sedan
893,0659_c013_00078690_0,black,front,sedan
894,0659_c018_00079355_0,black,back,sedan
895,0660_c014_00028975_1,black,fl,sedan
896,0660_c015_00032980_0,black,front,sedan
897,0660_c015_00032990_0,black,front,sedan
898,0660_c015_00032995_0,black,front,sedan
899,0660_c016_00028745_0,black,bl,sedan
900,0660_c016_00028755_0,black,bl,sedan
901,0662_c003_00004960_0,black,bl,sedan
902,0662_c005_00005690_1,black,br,sedan
903,0662_c008_00005125_0,black,bl,sedan
904,0663_c001_00040350_0,black,bl,sedan
905,0663_c010_00038455_0,black,fl,sedan
906,0663_c012_00040840_0,black,back,sedan
907,0663_c013_00040720_0,black,front,sedan
908,0663_c013_00040725_0,black,front,sedan
909,0663_c019_00041435_0,black,front,sedan
910,0668_c002_00006890_0,black,br,sedan
911,0668_c002_00006910_0,black,br,sedan
912,0668_c006_00007925_0,black,front,sedan
913,0668_c010_00008065_0,black,back,sedan
914,0672_c001_00045435_1,black,bl,sedan
915,0672_c001_00045530_1,black,bl,sedan
916,0672_c001_00049890_0,black,fl,sedan
917,0672_c002_00043845_0,black,front,sedan
918,0672_c002_00050440_0,black,br,sedan
919,0672_c003_00042645_1,black,fl,sedan
920,0672_c003_00042710_0,black,fl,sedan
921,0672_c004_00042575_0,black,fr,sedan
922,0672_c004_00042645_0,black,right,sedan
923,0672_c006_00043370_0,black,bl,sedan
924,0672_c011_00043330_0,black,bl,sedan
925,0676_c007_00013240_0,black,right,sedan
926,0676_c011_00011765_0,black,front,sedan
927,0677_c003_00042315_0,black,fl,sedan
928,0677_c006_00042935_0,black,bl,sedan
929,0677_c006_00044805_0,black,fl,sedan
930,0677_c007_00086065_0,black,fr,sedan
931,0677_c008_00041970_0,black,fl,sedan
932,0677_c009_00042145_0,black,fr,sedan
933,0677_c010_00045025_1,black,bl,sedan
934,0677_c011_00042920_0,black,back,sedan
935,0677_c011_00044700_0,black,fl,sedan
936,0685_c004_00025425_0,black,br,sedan
937,0685_c008_00025250_0,black,front,sedan
938,0687_c010_00020365_0,black,fl,sedan
939,0696_c015_00087000_0,black,bl,sedan
940,0698_c014_00049215_0,black,fl,sedan
941,0698_c019_00051040_0,black,front,sedan
942,0699_c012_00039660_0,black,br,sedan
943,0699_c013_00039525_0,black,front,sedan
944,0699_c013_00039540_0,black,front,sedan
945,0699_c015_00041115_0,black,front,sedan
946,0699_c015_00041120_0,black,front,sedan
947,0699_c016_00042415_0,black,fr,sedan
948,0711_c003_00001030_0,black,fr,sedan
949,0712_c006_00036835_0,black,bl,sedan
950,0712_c006_00044400_0,black,bl,sedan
951,0712_c010_00036765_0,black,fl,sedan
952,0712_c010_00037775_0,black,bl,sedan
953,0717_c002_00054375_0,black,bl,sedan
954,0717_c003_00040945_0,black,fl,sedan
955,0717_c003_00040960_0,black,fl,sedan
956,0717_c004_00040865_0,black,br,sedan
957,0717_c008_00056535_0,black,bl,sedan
958,0717_c008_00062220_0,black,fl,sedan
959,0717_c009_00040845_0,black,fr,sedan
960,0720_c001_00073715_0,black,bl,sedan
961,0720_c003_00069795_0,black,fl,sedan
962,0720_c012_00074190_0,black,br,sedan
963,0720_c016_00076345_0,black,fr,sedan
964,0720_c016_00076355_0,black,fr,sedan
965,0721_c001_00066705_0,black,bl,sedan
966,0721_c001_00066710_0,black,bl,sedan
967,0721_c002_00064875_0,black,fl,sedan
968,0727_c004_00000810_0,black,fl,sedan
969,0727_c011_00085560_0,black,bl,sedan
970,0727_c011_00085570_0,black,bl,sedan
971,0729_c009_00030455_0,black,bl,sedan
972,0742_c001_00030985_0,black,bl,sedan
973,0742_c010_00027085_0,black,fl,sedan
974,0742_c010_00027095_0,black,fl,sedan
975,0742_c016_00020135_0,black,front,sedan
976,0753_c004_00047805_0,black,br,sedan
977,0753_c004_00047820_0,black,br,sedan
978,0753_c004_00047825_0,black,br,sedan
979,0753_c008_00047685_0,black,fl,sedan
980,0753_c010_00048420_0,black,fl,sedan
981,0753_c010_00048435_0,black,fl,sedan
982,0753_c011_00048440_0,black,bl,sedan
983,0753_c011_00048445_0,black,bl,sedan
984,0761_c001_00088040_0,black,bl,sedan
985,0761_c001_00088055_0,black,bl,sedan
986,0768_c012_00056350_0,black,br,sedan
987,0768_c019_00057355_0,black,front,sedan
988,0768_c019_00057375_0,black,front,sedan
989,0770_c001_00033565_0,black,fl,sedan
990,0770_c012_00033110_0,black,fl,sedan
991,0770_c013_00033195_0,black,bl,sedan
992,0771_c007_00071260_0,black,fr,sedan
993,0771_c008_00070650_0,black,bl,sedan
994,0772_c003_00006555_0,black,bl,sedan
995,0773_c007_00006850_0,black,fr,sedan
996,0775_c003_00071530_0,black,bl,sedan
997,0775_c003_00071580_0,black,bl,sedan
998,0775_c009_00071690_0,black,bl,sedan
999,0776_c007_00000620_0,black,right,sedan
1000,0002_c007_00085070_0_flip,yellow,left,hatchback
1001,0005_c007_00078455_0_flip,orange,left,hatchback
1002,0038_c003_00008570_0_flip,red,left,sedan
1003,0108_c007_00078270_0_flip,green,left,pickup
1004,0118_c007_00089885_0_flip,yellow,left,truck
1005,0118_c007_00089890_0_flip,yellow,left,truck
1006,0118_c007_00089905_0_flip,yellow,left,truck
1007,0134_c007_00051600_0_flip,white,left,truck
1008,0135_c007_00070925_0_flip,white,left,truck
1009,0135_c007_00070935_0_flip,white,left,truck
1010,0188_c007_00055830_0_flip,red,left,sedan
1011,0218_c007_00067825_0_flip,red,left,hatchback
1012,0310_c007_00017020_0_flip,white,left,sedan
1013,0315_c004_00025395_0_flip,white,left,sedan
1014,0319_c007_00087240_0_flip,white,left,sedan
1015,0482_c007_00054855_0_flip,gray,left,sedan
1016,0489_c007_00085695_0_flip,gray,left,sedan
1017,0489_c007_00085730_0_flip,gray,left,sedan
1018,0597_c007_00066300_0_flip,black,left,suv
1019,0602_c007_00028280_1_flip,black,left,suv
1020,0610_c007_00087350_0_flip,black,left,suv
1021,0615_c007_00008910_0_flip,black,left,suv
1022,0615_c007_00008915_0_flip,black,left,suv
1023,0615_c007_00008935_0_flip,black,left,suv
1024,0625_c007_00011030_0_flip,black,left,sedan
1025,0672_c004_00042645_0_flip,black,left,sedan
1026,0676_c007_00013240_0_flip,black,left,sedan
1027,0776_c007_00000620_0_flip,black,left,sedan
1028,0066_c001_00060050_0_flip,green,right,bus
1029,0417_c004_00088690_0_flip,gray,right,minivan
1030,0467_c003_00057095_0_flip,black,right,sedan
1031,0480_c001_00022180_0_flip,black,right,sedan
1032,0597_c003_00003195_0_flip,black,right,suv
1033,0002_c005_00085015_0_flip,yellow,bl,hatchback
1034,0005_c005_00078370_0_flip,orange,bl,hatchback
1035,0009_c001_00067380_0_flip,green,bl,suv
1036,0035_c002_00000430_1_flip,red,bl,sedan
1037,0065_c004_00060115_0_flip,green,bl,bus
1038,0074_c003_00001840_0_flip,gray,bl,pickup
1039,0089_c005_00058765_0_flip,green,bl,pickup
1040,0089_c005_00058785_0_flip,green,bl,pickup
1041,0117_c001_00048685_0_flip,gray,bl,pickup
1042,0117_c012_00049190_1_flip,gray,bl,pickup
1043,0118_c005_00089855_0_flip,yellow,bl,truck
1044,0122_c012_00036990_0_flip,blue,bl,truck
1045,0122_c012_00037005_0_flip,blue,bl,truck
1046,0134_c005_00051475_0_flip,white,bl,truck
1047,0151_c002_00005045_0_flip,white,bl,truck
1048,0151_c005_00087485_0_flip,white,bl,truck
1049,0154_c012_00039665_1_flip,red,bl,truck
1050,0173_c012_00067495_0_flip,gray,bl,truck
1051,0179_c002_00029125_0_flip,red,bl,sedan
1052,0180_c004_00044875_0_flip,red,bl,sedan
1053,0180_c004_00044890_0_flip,red,bl,sedan
1054,0188_c003_00054985_0_flip,red,bl,sedan
1055,0192_c003_00078515_0_flip,red,bl,minivan
1056,0192_c004_00031675_0_flip,red,bl,minivan
1057,0197_c012_00026785_0_flip,red,bl,minivan
1058,0205_c005_00057185_0_flip,red,bl,hatchback
1059,0218_c004_00043515_0_flip,red,bl,hatchback
1060,0218_c005_00067710_0_flip,red,bl,hatchback
1061,0219_c017_00027090_0_flip,red,bl,hatchback
1062,0247_c002_00089940_0_flip,brown,bl,sedan
1063,0249_c012_00019850_1_flip,black,bl,sedan
1064,0249_c014_00021415_0_flip,black,bl,sedan
1065,0249_c017_00020550_0_flip,black,bl,sedan
1066,0262_c012_00019955_0_flip,gray,bl,minivan
1067,0273_c004_00036480_0_flip,blue,bl,bus
1068,0273_c012_00041195_0_flip,blue,bl,bus
1069,0281_c012_00034440_0_flip,white,bl,bus
1070,0281_c012_00034445_0_flip,white,bl,bus
1071,0294_c005_00061730_0_flip,white,bl,hatchback
1072,0299_c002_00076025_0_flip,white,bl,van
1073,0299_c005_00078445_0_flip,white,bl,van
1074,0300_c002_00081405_0_flip,white,bl,hatchback
1075,0306_c004_00016445_0_flip,white,bl,hatchback
1076,0310_c005_00016855_1_flip,white,bl,sedan
1077,0315_c004_00025415_0_flip,white,bl,sedan
1078,0332_c012_00013115_0_flip,white,bl,sedan
1079,0337_c004_00071285_0_flip,white,bl,sedan
1080,0344_c001_00034150_0_flip,white,bl,sedan
1081,0344_c001_00034180_0_flip,white,bl,sedan
1082,0344_c012_00034600_0_flip,white,bl,sedan
1083,0344_c017_00035190_1_flip,white,bl,sedan
1084,0361_c004_00072835_0_flip,white,bl,sedan
1085,0368_c002_00062720_0_flip,white,bl,minivan
1086,0369_c012_00034525_0_flip,white,bl,minivan
1087,0373_c004_00075925_0_flip,white,bl,minivan
1088,0380_c004_00060745_1_flip,white,bl,minivan
1089,0380_c004_00060750_0_flip,white,bl,minivan
1090,0391_c012_00033975_0_flip,yellow,bl,truck
1091,0398_c012_00043860_0_flip,yellow,bl,truck
1092,0404_c001_00041715_0_flip,yellow,bl,truck
1093,0404_c012_00042180_0_flip,yellow,bl,truck
1094,0405_c002_00043220_2_flip,yellow,bl,truck
1095,0405_c012_00008000_0_flip,yellow,bl,truck
1096,0405_c012_00062905_0_flip,yellow,bl,truck
1097,0405_c012_00062910_0_flip,yellow,bl,truck
1098,0416_c012_00020465_0_flip,gray,bl,minivan
1099,0418_c012_00006130_0_flip,gray,bl,minivan
1100,0421_c002_00064765_0_flip,gray,bl,minivan
1101,0446_c002_00067035_0_flip,gray,bl,van
1102,0477_c005_00060760_1_flip,black,bl,sedan
1103,0485_c005_00051200_1_flip,gray,bl,sedan
1104,0486_c005_00040645_0_flip,gray,bl,sedan
1105,0489_c002_00076085_1_flip,gray,bl,sedan
1106,0489_c002_00076095_0_flip,gray,bl,sedan
1107,0494_c004_00021520_0_flip,gray,bl,sedan
1108,0507_c002_00051780_0_flip,gray,bl,sedan
1109,0545_c004_00015000_0_flip,gray,bl,sedan
1110,0554_c005_00021655_0_flip,gray,bl,sedan
1111,0576_c001_00062710_0_flip,black,bl,suv
1112,0576_c001_00062750_0_flip,black,bl,suv
1113,0576_c001_00076285_0_flip,black,bl,suv
1114,0576_c017_00064340_0_flip,black,bl,suv
1115,0584_c001_00060150_0_flip,black,bl,suv
1116,0584_c012_00060630_0_flip,black,bl,suv
1117,0585_c002_00005805_0_flip,black,bl,suv
1118,0585_c012_00028970_0_flip,black,bl,suv
1119,0586_c012_00066775_0_flip,black,bl,suv
1120,0590_c012_00046980_0_flip,black,bl,suv
1121,0597_c005_00066235_0_flip,black,bl,suv
1122,0598_c004_00042765_0_flip,black,bl,suv
1123,0602_c005_00028175_2_flip,black,bl,suv
1124,0609_c004_00042270_0_flip,black,bl,suv
1125,0609_c004_00042280_0_flip,black,bl,suv
1126,0614_c014_00089450_0_flip,black,bl,suv
1127,0615_c005_00008920_0_flip,black,bl,suv
1128,0624_c004_00059150_0_flip,black,bl,sedan
1129,0625_c005_00011020_0_flip,black,bl,sedan
1130,0630_c005_00051900_0_flip,black,bl,sedan
1131,0634_c003_00056470_0_flip,black,bl,sedan
1132,0654_c004_00018600_0_flip,black,bl,sedan
1133,0659_c004_00074340_0_flip,black,bl,sedan
1134,0659_c012_00078845_0_flip,black,bl,sedan
1135,0662_c005_00005690_1_flip,black,bl,sedan
1136,0668_c002_00006890_0_flip,black,bl,sedan
1137,0668_c002_00006910_0_flip,black,bl,sedan
1138,0672_c002_00050440_0_flip,black,bl,sedan
1139,0685_c004_00025425_0_flip,black,bl,sedan
1140,0699_c012_00039660_0_flip,black,bl,sedan
1141,0717_c004_00040865_0_flip,black,bl,sedan
1142,0720_c012_00074190_0_flip,black,bl,sedan
1143,0753_c004_00047805_0_flip,black,bl,sedan
1144,0753_c004_00047820_0_flip,black,bl,sedan
1145,0753_c004_00047825_0_flip,black,bl,sedan
1146,0768_c012_00056350_0_flip,black,bl,sedan
1147,0005_c008_00077890_0_flip,orange,br,hatchback
1148,0005_c009_00077840_0_flip,orange,br,hatchback
1149,0009_c015_00089450_0_flip,green,br,suv
1150,0014_c015_00039395_0_flip,red,br,sedan
1151,0014_c016_00039140_0_flip,red,br,sedan
1152,0014_c019_00040070_0_flip,red,br,sedan
1153,0027_c013_00012890_0_flip,red,br,sedan
1154,0027_c015_00011465_0_flip,red,br,sedan
1155,0042_c013_00083445_0_flip,blue,br,sedan
1156,0065_c006_00061350_0_flip,green,br,bus
1157,0065_c011_00061305_0_flip,green,br,bus
1158,0066_c013_00059205_0_flip,green,br,bus
1159,0066_c013_00059215_0_flip,green,br,bus
1160,0066_c016_00055460_0_flip,green,br,bus
1161,0102_c016_00005050_0_flip,green,br,pickup
1162,0102_c016_00005055_0_flip,green,br,pickup
1163,0102_c016_00005070_0_flip,green,br,pickup
1164,0106_c015_00015960_0_flip,green,br,pickup
1165,0118_c008_00089320_0_flip,yellow,br,truck
1166,0118_c009_00089270_0_flip,yellow,br,truck
1167,0118_c015_00065425_0_flip,yellow,br,truck
1168,0118_c019_00065995_1_flip,yellow,br,truck
1169,0118_c019_00066020_0_flip,yellow,br,truck
1170,0118_c019_00066025_0_flip,yellow,br,truck
1171,0126_c009_00061195_0_flip,white,br,truck
1172,0126_c009_00061200_0_flip,white,br,truck
1173,0126_c013_00004080_0_flip,white,br,truck
1174,0126_c013_00004090_0_flip,white,br,truck
1175,0126_c019_00003150_0_flip,white,br,truck
1176,0129_c019_00027420_0_flip,white,br,truck
1177,0130_c009_00058815_0_flip,white,br,truck
1178,0132_c013_00018475_0_flip,white,br,truck
1179,0134_c001_00064820_1_flip,white,br,truck
1180,0134_c006_00061700_0_flip,white,br,truck
1181,0134_c006_00061715_0_flip,white,br,truck
1182,0134_c009_00049795_0_flip,white,br,truck
1183,0135_c009_00070360_0_flip,white,br,truck
1184,0135_c013_00060440_0_flip,white,br,truck
1185,0135_c019_00059320_0_flip,white,br,truck
1186,0135_c019_00059325_0_flip,white,br,truck
1187,0142_c015_00086525_0_flip,white,br,truck
1188,0144_c013_00027420_0_flip,white,br,truck
1189,0144_c015_00024580_0_flip,white,br,truck
1190,0151_c009_00006545_0_flip,white,br,truck
1191,0151_c019_00001850_0_flip,white,br,truck
1192,0174_c001_00076030_0_flip,gray,br,truck
1193,0174_c006_00072805_0_flip,gray,br,truck
1194,0174_c008_00044180_0_flip,gray,br,truck
1195,0174_c009_00044140_0_flip,gray,br,truck
1196,0177_c013_00070090_0_flip,red,br,sedan
1197,0177_c015_00068575_0_flip,red,br,sedan
1198,0179_c015_00026645_0_flip,red,br,sedan
1199,0182_c011_00039845_0_flip,red,br,sedan
1200,0183_c001_00026445_0_flip,red,br,sedan
1201,0188_c013_00048625_0_flip,red,br,sedan
1202,0188_c015_00047130_0_flip,red,br,sedan
1203,0188_c016_00046980_0_flip,red,br,sedan
1204,0188_c016_00046995_0_flip,red,br,sedan
1205,0192_c006_00032310_0_flip,red,br,minivan
1206,0197_c016_00013485_0_flip,red,br,minivan
1207,0205_c009_00056670_0_flip,red,br,hatchback
1208,0207_c015_00018705_0_flip,red,br,hatchback
1209,0207_c016_00018425_1_flip,red,br,hatchback
1210,0218_c008_00067280_0_flip,red,br,hatchback
1211,0218_c011_00044120_0_flip,red,br,hatchback
1212,0231_c016_00034845_1_flip,gray,br,sedan
1213,0231_c016_00034855_1_flip,gray,br,sedan
1214,0231_c019_00035685_0_flip,gray,br,sedan
1215,0237_c016_00065310_0_flip,white,br,sedan
1216,0247_c015_00082385_0_flip,brown,br,sedan
1217,0247_c016_00082120_0_flip,brown,br,sedan
1218,0247_c019_00083350_0_flip,brown,br,sedan
1219,0247_c019_00083370_0_flip,brown,br,sedan
1220,0249_c001_00019260_0_flip,black,br,sedan
1221,0262_c013_00013550_0_flip,gray,br,minivan
1222,0273_c001_00040685_0_flip,blue,br,bus
1223,0281_c001_00033860_0_flip,white,br,bus
1224,0281_c006_00031000_0_flip,white,br,bus
1225,0281_c006_00031015_1_flip,white,br,bus
1226,0281_c015_00087600_0_flip,white,br,bus
1227,0288_c006_00029375_0_flip,white,br,hatchback
1228,0294_c003_00060990_0_flip,white,br,hatchback
1229,0295_c015_00036590_0_flip,white,br,hatchback
1230,0295_c015_00036610_0_flip,white,br,hatchback
1231,0295_c016_00036360_0_flip,white,br,hatchback
1232,0295_c019_00037285_0_flip,white,br,hatchback
1233,0296_c013_00060530_0_flip,white,br,hatchback
1234,0296_c016_00058230_1_flip,white,br,hatchback
1235,0296_c016_00058240_0_flip,white,br,hatchback
1236,0296_c019_00059415_0_flip,white,br,hatchback
1237,0298_c016_00044965_0_flip,white,br,van
1238,0299_c002_00046750_0_flip,white,br,van
1239,0299_c002_00046780_0_flip,white,br,van
1240,0300_c015_00076865_0_flip,white,br,hatchback
1241,0300_c015_00076885_0_flip,white,br,hatchback
1242,0300_c019_00077690_0_flip,white,br,hatchback
1243,0315_c006_00025985_0_flip,white,br,sedan
1244,0315_c006_00026025_0_flip,white,br,sedan
1245,0315_c008_00000840_0_flip,white,br,sedan
1246,0315_c011_00025980_0_flip,white,br,sedan
1247,0318_c001_00062330_0_flip,white,br,sedan
1248,0318_c008_00006275_0_flip,white,br,sedan
1249,0318_c009_00006195_0_flip,white,br,sedan
1250,0318_c013_00024245_0_flip,white,br,sedan
1251,0318_c016_00022085_0_flip,white,br,sedan
1252,0319_c008_00086605_0_flip,white,br,sedan
1253,0319_c009_00086590_0_flip,white,br,sedan
1254,0322_c013_00039175_0_flip,white,br,sedan
1255,0322_c016_00037515_1_flip,white,br,sedan
1256,0326_c009_00089965_0_flip,white,br,sedan
1257,0337_c001_00073725_1_flip,white,br,sedan
1258,0337_c001_00073745_0_flip,white,br,sedan
1259,0337_c008_00034680_0_flip,white,br,sedan
1260,0337_c008_00034685_0_flip,white,br,sedan
1261,0361_c001_00035890_0_flip,white,br,sedan
1262,0365_c001_00026550_0_flip,white,br,minivan
1263,0368_c009_00065705_0_flip,white,br,minivan
1264,0371_c019_00063710_0_flip,white,br,minivan
1265,0371_c019_00063715_0_flip,white,br,minivan
1266,0380_c001_00064470_0_flip,white,br,minivan
1267,0380_c006_00061585_1_flip,white,br,minivan
1268,0380_c006_00061610_0_flip,white,br,minivan
1269,0385_c015_00037585_0_flip,white,br,suv
1270,0385_c015_00037590_0_flip,white,br,suv
1271,0385_c015_00037605_0_flip,white,br,suv
1272,0385_c016_00048280_0_flip,white,br,suv
1273,0392_c015_00000845_0_flip,yellow,br,truck
1274,0392_c016_00000270_0_flip,yellow,br,truck
1275,0398_c001_00043260_0_flip,yellow,br,truck
1276,0398_c001_00043270_0_flip,yellow,br,truck
1277,0404_c016_00013255_0_flip,yellow,br,truck
1278,0405_c015_00039665_0_flip,yellow,br,truck
1279,0405_c015_00039680_0_flip,yellow,br,truck
1280,0405_c016_00039390_0_flip,yellow,br,truck
1281,0420_c011_00064055_0_flip,gray,br,minivan
1282,0421_c013_00062925_0_flip,gray,br,minivan
1283,0421_c015_00060865_0_flip,gray,br,minivan
1284,0421_c017_00062205_0_flip,gray,br,minivan
1285,0446_c015_00042110_0_flip,gray,br,van
1286,0446_c015_00042125_0_flip,gray,br,van
1287,0446_c016_00041835_0_flip,gray,br,van
1288,0446_c019_00042820_1_flip,gray,br,van
1289,0467_c008_00057345_0_flip,black,br,sedan
1290,0467_c015_00014570_0_flip,black,br,sedan
1291,0473_c008_00031000_0_flip,black,br,sedan
1292,0473_c019_00004565_0_flip,black,br,sedan
1293,0473_c019_00004580_0_flip,black,br,sedan
1294,0476_c016_00010230_0_flip,black,br,sedan
1295,0477_c009_00060320_0_flip,black,br,sedan
1296,0477_c013_00019335_0_flip,black,br,sedan
1297,0477_c013_00019355_0_flip,black,br,sedan
1298,0477_c015_00018060_0_flip,black,br,sedan
1299,0477_c016_00017840_0_flip,black,br,sedan
1300,0477_c019_00018545_0_flip,black,br,sedan
1301,0477_c019_00018560_0_flip,black,br,sedan
1302,0480_c013_00020400_0_flip,black,br,sedan
1303,0482_c008_00054200_0_flip,gray,br,sedan
1304,0482_c008_00054205_0_flip,gray,br,sedan
1305,0485_c010_00050175_0_flip,gray,br,sedan
1306,0486_c002_00038280_0_flip,gray,br,sedan
1307,0486_c015_00075110_0_flip,gray,br,sedan
1308,0486_c016_00074645_0_flip,gray,br,sedan
1309,0486_c016_00074650_0_flip,gray,br,sedan
1310,0494_c006_00022090_0_flip,gray,br,sedan
1311,0507_c009_00056020_0_flip,gray,br,sedan
1312,0507_c009_00056030_0_flip,gray,br,sedan
1313,0515_c015_00054235_0_flip,gray,br,sedan
1314,0515_c015_00054245_0_flip,gray,br,sedan
1315,0515_c019_00055065_0_flip,gray,br,sedan
1316,0518_c016_00044330_0_flip,gray,br,sedan
1317,0518_c016_00044335_0_flip,gray,br,sedan
1318,0522_c006_00081545_1_flip,gray,br,sedan
1319,0522_c011_00081580_0_flip,gray,br,sedan
1320,0541_c001_00055075_0_flip,gray,br,sedan
1321,0541_c006_00051875_0_flip,gray,br,sedan
1322,0543_c006_00000920_1_flip,gray,br,sedan
1323,0546_c013_00016630_0_flip,gray,br,sedan
1324,0546_c013_00016650_0_flip,gray,br,sedan
1325,0554_c002_00017685_0_flip,gray,br,sedan
1326,0554_c002_00017695_0_flip,gray,br,sedan
1327,0554_c002_00017705_0_flip,gray,br,sedan
1328,0569_c013_00087985_0_flip,gray,br,sedan
1329,0569_c015_00085595_0_flip,gray,br,sedan
1330,0570_c009_00069965_0_flip,gray,br,sedan
1331,0576_c014_00078330_0_flip,black,br,suv
1332,0585_c001_00028535_0_flip,black,br,suv
1333,0585_c013_00004545_1_flip,black,br,suv
1334,0585_c013_00068120_0_flip,black,br,suv
1335,0585_c014_00031635_1_flip,black,br,suv
1336,0585_c015_00066475_1_flip,black,br,suv
1337,0585_c016_00066285_0_flip,black,br,suv
1338,0585_c016_00066295_0_flip,black,br,suv
1339,0585_c019_00067115_0_flip,black,br,suv
1340,0593_c015_00042700_0_flip,black,br,suv
1341,0602_c003_00027235_1_flip,black,br,suv
1342,0602_c008_00027560_0_flip,black,br,suv
1343,0602_c015_00032995_1_flip,black,br,suv
1344,0602_c016_00021900_0_flip,black,br,suv
1345,0602_c019_00022785_1_flip,black,br,suv
1346,0609_c001_00014105_0_flip,black,br,suv
1347,0609_c011_00011825_0_flip,black,br,suv
1348,0610_c002_00085265_0_flip,black,br,suv
1349,0610_c009_00086805_0_flip,black,br,suv
1350,0610_c010_00086260_0_flip,black,br,suv
1351,0612_c006_00088005_0_flip,black,br,suv
1352,0612_c006_00088025_2_flip,black,br,suv
1353,0622_c016_00065335_0_flip,black,br,sedan
1354,0623_c015_00078945_0_flip,black,br,sedan
1355,0623_c015_00078955_0_flip,black,br,sedan
1356,0623_c019_00079695_0_flip,black,br,sedan
1357,0623_c019_00079705_0_flip,black,br,sedan
1358,0625_c008_00010400_0_flip,black,br,sedan
1359,0630_c008_00051305_0_flip,black,br,sedan
1360,0630_c011_00037500_1_flip,black,br,sedan
1361,0642_c019_00021105_0_flip,black,br,sedan
1362,0646_c018_00008050_0_flip,black,br,sedan
1363,0646_c019_00007610_0_flip,black,br,sedan
1364,0646_c019_00007615_0_flip,black,br,sedan
1365,0652_c009_00063335_0_flip,black,br,sedan
1366,0653_c015_00069305_0_flip,black,br,sedan
1367,0654_c006_00019265_0_flip,black,br,sedan
1368,0654_c011_00019280_0_flip,black,br,sedan
1369,0657_c011_00066365_1_flip,black,br,sedan
1370,0657_c011_00066385_1_flip,black,br,sedan
1371,0657_c011_00066395_1_flip,black,br,sedan
1372,0659_c001_00078350_0_flip,black,br,sedan
1373,0659_c001_00078355_0_flip,black,br,sedan
1374,0660_c016_00028745_0_flip,black,br,sedan
1375,0660_c016_00028755_0_flip,black,br,sedan
1376,0662_c003_00004960_0_flip,black,br,sedan
1377,0662_c008_00005125_0_flip,black,br,sedan
1378,0663_c001_00040350_0_flip,black,br,sedan
1379,0672_c001_00045435_1_flip,black,br,sedan
1380,0672_c001_00045530_1_flip,black,br,sedan
1381,0672_c006_00043370_0_flip,black,br,sedan
1382,0672_c011_00043330_0_flip,black,br,sedan
1383,0677_c006_00042935_0_flip,black,br,sedan
1384,0677_c010_00045025_1_flip,black,br,sedan
1385,0696_c015_00087000_0_flip,black,br,sedan
1386,0712_c006_00036835_0_flip,black,br,sedan
1387,0712_c006_00044400_0_flip,black,br,sedan
1388,0712_c010_00037775_0_flip,black,br,sedan
1389,0717_c002_00054375_0_flip,black,br,sedan
1390,0717_c008_00056535_0_flip,black,br,sedan
1391,0720_c001_00073715_0_flip,black,br,sedan
1392,0721_c001_00066705_0_flip,black,br,sedan
1393,0721_c001_00066710_0_flip,black,br,sedan
1394,0727_c011_00085560_0_flip,black,br,sedan
1395,0727_c011_00085570_0_flip,black,br,sedan
1396,0729_c009_00030455_0_flip,black,br,sedan
1397,0742_c001_00030985_0_flip,black,br,sedan
1398,0753_c011_00048440_0_flip,black,br,sedan
1399,0753_c011_00048445_0_flip,black,br,sedan
1400,0761_c001_00088040_0_flip,black,br,sedan
1401,0761_c001_00088055_0_flip,black,br,sedan
1402,0770_c013_00033195_0_flip,black,br,sedan
1403,0771_c008_00070650_0_flip,black,br,sedan
1404,0772_c003_00006555_0_flip,black,br,sedan
1405,0775_c003_00071530_0_flip,black,br,sedan
1406,0775_c003_00071580_0_flip,black,br,sedan
1407,0775_c009_00071690_0_flip,black,br,sedan
1408,0006_c016_00026255_0_flip,orange,fl,minivan
1409,0006_c016_00026305_0_flip,orange,fl,minivan
1410,0009_c016_00071080_0_flip,green,fl,suv
1411,0065_c016_00068395_0_flip,green,fl,bus
1412,0066_c014_00056815_0_flip,green,fl,bus
1413,0101_c016_00047285_0_flip,green,fl,pickup
1414,0101_c016_00047290_0_flip,green,fl,pickup
1415,0122_c016_00039705_0_flip,blue,fl,truck
1416,0122_c016_00039710_0_flip,blue,fl,truck
1417,0142_c016_00089850_0_flip,white,fl,truck
1418,0143_c016_00076505_0_flip,white,fl,truck
1419,0143_c016_00076525_0_flip,white,fl,truck
1420,0143_c016_00076535_0_flip,white,fl,truck
1421,0162_c009_00033005_0_flip,white,fl,truck
1422,0166_c001_00038210_0_flip,gray,fl,truck
1423,0174_c009_00072210_0_flip,gray,fl,truck
1424,0180_c009_00044805_0_flip,red,fl,sedan
1425,0196_c009_00077825_0_flip,red,fl,sedan
1426,0240_c016_00047690_0_flip,gray,fl,minivan
1427,0249_c016_00021630_0_flip,black,fl,sedan
1428,0262_c016_00022120_0_flip,gray,fl,minivan
1429,0281_c009_00029950_0_flip,blue,fl,bus
1430,0281_c009_00029960_0_flip,blue,fl,bus
1431,0306_c003_00016520_0_flip,white,fl,hatchback
1432,0306_c003_00016535_0_flip,white,fl,hatchback
1433,0318_c016_00065815_0_flip,white,fl,sedan
1434,0337_c009_00034195_0_flip,white,fl,sedan
1435,0361_c009_00072740_0_flip,white,fl,sedan
1436,0361_c009_00072745_0_flip,white,fl,sedan
1437,0365_c009_00086235_0_flip,white,fl,minivan
1438,0380_c009_00060695_0_flip,white,fl,minivan
1439,0385_c016_00062465_0_flip,white,fl,suv
1440,0385_c016_00062470_0_flip,white,fl,suv
1441,0402_c002_00073075_0_flip,yellow,fl,truck
1442,0402_c016_00019790_0_flip,yellow,fl,truck
1443,0402_c016_00019795_0_flip,yellow,fl,truck
1444,0402_c016_00077700_0_flip,yellow,fl,truck
1445,0402_c016_00077710_0_flip,yellow,fl,truck
1446,0416_c016_00023785_0_flip,gray,fl,minivan
1447,0446_c016_00033575_0_flip,gray,fl,van
1448,0461_c016_00018410_0_flip,black,fl,sedan
1449,0522_c004_00080960_0_flip,gray,fl,sedan
1450,0545_c009_00014850_0_flip,gray,fl,sedan
1451,0576_c001_00076205_0_flip,black,fl,suv
1452,0581_c003_00087805_0_flip,black,fl,suv
1453,0584_c016_00062390_0_flip,black,fl,suv
1454,0584_c016_00062395_0_flip,black,fl,suv
1455,0585_c009_00024915_0_flip,black,fl,suv
1456,0585_c009_00024920_0_flip,black,fl,suv
1457,0598_c009_00042660_0_flip,black,fl,suv
1458,0598_c009_00042680_0_flip,black,fl,suv
1459,0609_c016_00015905_0_flip,black,fl,suv
1460,0624_c009_00059120_0_flip,black,fl,sedan
1461,0657_c004_00064760_0_flip,black,fl,sedan
1462,0672_c004_00042575_0_flip,black,fl,sedan
1463,0677_c007_00086065_0_flip,black,fl,sedan
1464,0677_c009_00042145_0_flip,black,fl,sedan
1465,0699_c016_00042415_0_flip,black,fl,sedan
1466,0711_c003_00001030_0_flip,black,fl,sedan
1467,0717_c009_00040845_0_flip,black,fl,sedan
1468,0720_c016_00076345_0_flip,black,fl,sedan
1469,0720_c016_00076355_0_flip,black,fl,sedan
1470,0771_c007_00071260_0_flip,black,fl,sedan
1471,0773_c007_00006850_0_flip,black,fl,sedan
1472,0006_c014_00022350_0_flip,orange,fr,minivan
1473,0006_c017_00023350_0_flip,orange,fr,minivan
1474,0009_c014_00089265_0_flip,green,fr,suv
1475,0014_c014_00039385_0_flip,red,fr,sedan
1476,0027_c014_00011395_0_flip,red,fr,sedan
1477,0027_c014_00011405_0_flip,red,fr,sedan
1478,0027_c017_00012205_0_flip,red,fr,sedan
1479,0061_c004_00083710_0_flip,white,fr,pickup
1480,0061_c004_00083720_0_flip,white,fr,pickup
1481,0063_c012_00009305_0_flip,green,fr,hatchback
1482,0063_c012_00009310_0_flip,green,fr,hatchback
1483,0063_c017_00008670_2_flip,green,fr,hatchback
1484,0063_c017_00008690_2_flip,green,fr,hatchback
1485,0065_c002_00063105_0_flip,green,fr,bus
1486,0066_c012_00059070_0_flip,green,fr,bus
1487,0074_c004_00001720_0_flip,gray,fr,pickup
1488,0074_c014_00085685_0_flip,gray,fr,pickup
1489,0102_c014_00005400_0_flip,green,fr,pickup
1490,0102_c014_00005435_0_flip,green,fr,pickup
1491,0102_c017_00006820_1_flip,green,fr,pickup
1492,0104_c003_00016950_0_flip,green,fr,pickup
1493,0106_c017_00018840_0_flip,green,fr,pickup
1494,0108_c004_00077520_0_flip,green,fr,pickup
1495,0110_c004_00022495_0_flip,green,fr,pickup
1496,0118_c004_00089015_0_flip,yellow,fr,truck
1497,0118_c012_00066915_0_flip,yellow,fr,truck
1498,0126_c014_00002495_0_flip,white,fr,truck
1499,0129_c014_00026690_1_flip,white,fr,truck
1500,0129_c017_00027580_0_flip,white,fr,truck
1501,0132_c012_00018355_0_flip,white,fr,truck
1502,0132_c014_00016300_0_flip,white,fr,truck
1503,0134_c004_00049235_0_flip,white,fr,truck
1504,0134_c008_00059470_0_flip,white,fr,truck
1505,0134_c010_00061425_0_flip,white,fr,truck
1506,0134_c011_00047610_0_flip,white,fr,truck
1507,0135_c014_00058305_1_flip,white,fr,truck
1508,0135_c017_00059525_0_flip,white,fr,truck
1509,0142_c014_00086470_0_flip,white,fr,truck
1510,0151_c001_00004585_0_flip,white,fr,truck
1511,0151_c006_00005655_0_flip,white,fr,truck
1512,0166_c014_00035220_0_flip,gray,fr,truck
1513,0166_c017_00036350_0_flip,gray,fr,truck
1514,0172_c002_00079620_0_flip,gray,fr,truck
1515,0172_c010_00078820_0_flip,gray,fr,truck
1516,0174_c006_00043170_0_flip,gray,fr,truck
1517,0174_c012_00040325_0_flip,gray,fr,truck
1518,0177_c001_00072025_0_flip,red,fr,sedan
1519,0177_c012_00070020_0_flip,red,fr,sedan
1520,0177_c014_00068575_0_flip,red,fr,sedan
1521,0179_c012_00027980_0_flip,red,fr,sedan
1522,0180_c002_00046495_0_flip,red,fr,sedan
1523,0180_c003_00044990_0_flip,red,fr,sedan
1524,0180_c008_00044725_0_flip,red,fr,sedan
1525,0180_c008_00044735_0_flip,red,fr,sedan
1526,0180_c010_00045565_0_flip,red,fr,sedan
1527,0182_c008_00039240_0_flip,red,fr,sedan
1528,0182_c010_00039865_0_flip,red,fr,sedan
1529,0188_c006_00053340_0_flip,red,fr,sedan
1530,0188_c014_00047125_0_flip,red,fr,sedan
1531,0192_c003_00031745_0_flip,red,fr,minivan
1532,0192_c010_00032190_0_flip,red,fr,minivan
1533,0196_c010_00078420_0_flip,red,fr,sedan
1534,0197_c017_00023960_2_flip,red,fr,hatchback
1535,0207_c001_00029430_0_flip,red,fr,hatchback
1536,0207_c001_00029460_0_flip,red,fr,hatchback
1537,0207_c012_00029125_0_flip,red,fr,hatchback
1538,0207_c014_00018635_0_flip,red,fr,hatchback
1539,0218_c004_00066975_0_flip,red,fr,hatchback
1540,0218_c004_00066980_0_flip,red,fr,hatchback
1541,0231_c014_00035030_0_flip,gray,fr,sedan
1542,0231_c017_00035840_0_flip,gray,fr,sedan
1543,0247_c012_00084200_0_flip,brown,fr,sedan
1544,0247_c014_00082340_0_flip,brown,fr,sedan
1545,0247_c017_00083620_0_flip,brown,fr,sedan
1546,0249_c013_00019735_0_flip,black,fr,sedan
1547,0262_c001_00014350_0_flip,gray,fr,minivan
1548,0273_c002_00039190_1_flip,blue,fr,bus
1549,0273_c003_00036590_0_flip,blue,fr,bus
1550,0273_c010_00037615_0_flip,blue,fr,bus
1551,0281_c008_00029880_0_flip,blue,fr,bus
1552,0288_c003_00028785_0_flip,white,fr,hatchback
1553,0288_c010_00029275_0_flip,white,fr,hatchback
1554,0295_c012_00037995_0_flip,white,fr,hatchback
1555,0295_c017_00037490_0_flip,white,fr,hatchback
1556,0296_c017_00059680_0_flip,white,fr,hatchback
1557,0296_c017_00059685_0_flip,white,fr,hatchback
1558,0298_c014_00045180_0_flip,white,fr,van
1559,0300_c014_00076845_0_flip,white,fr,hatchback
1560,0300_c017_00077925_0_flip,white,fr,hatchback
1561,0318_c014_00022435_0_flip,white,fr,sedan
1562,0319_c004_00086360_0_flip,white,fr,sedan
1563,0319_c004_00086380_0_flip,white,fr,sedan
1564,0319_c004_00086405_0_flip,white,fr,sedan
1565,0322_c012_00039045_0_flip,white,fr,sedan
1566,0326_c004_00087035_0_flip,white,fr,sedan
1567,0337_c003_00071395_0_flip,white,fr,sedan
1568,0337_c010_00071790_1_flip,white,fr,sedan
1569,0361_c003_00072920_0_flip,white,fr,sedan
1570,0361_c010_00073535_0_flip,white,fr,sedan
1571,0365_c003_00086330_0_flip,white,fr,minivan
1572,0365_c006_00033645_0_flip,white,fr,minivan
1573,0365_c010_00086725_0_flip,white,fr,minivan
1574,0369_c001_00001110_0_flip,white,fr,minivan
1575,0369_c017_00000360_0_flip,white,fr,minivan
1576,0373_c003_00075950_0_flip,white,fr,minivan
1577,0373_c003_00075995_0_flip,white,fr,minivan
1578,0380_c003_00060870_0_flip,white,fr,minivan
1579,0380_c003_00060875_0_flip,white,fr,minivan
1580,0380_c010_00061585_0_flip,white,fr,minivan
1581,0385_c017_00038365_0_flip,white,fr,suv
1582,0392_c001_00003265_0_flip,yellow,fr,truck
1583,0392_c017_00002240_0_flip,yellow,fr,truck
1584,0402_c002_00016055_0_flip,yellow,fr,truck
1585,0402_c002_00073155_0_flip,yellow,fr,truck
1586,0402_c012_00049530_0_flip,yellow,fr,truck
1587,0404_c001_00017375_0_flip,yellow,fr,truck
1588,0404_c012_00015760_0_flip,yellow,fr,truck
1589,0405_c002_00006755_0_flip,yellow,fr,truck
1590,0405_c004_00046080_0_flip,yellow,fr,truck
1591,0405_c012_00041015_0_flip,yellow,fr,truck
1592,0405_c017_00040470_0_flip,yellow,fr,truck
1593,0420_c003_00063610_0_flip,gray,fr,minivan
1594,0420_c003_00063620_0_flip,gray,fr,minivan
1595,0420_c008_00063430_0_flip,gray,fr,minivan
1596,0421_c001_00064095_0_flip,gray,fr,minivan
1597,0421_c012_00062845_0_flip,gray,fr,minivan
1598,0446_c001_00066420_0_flip,gray,fr,van
1599,0446_c012_00064190_0_flip,gray,fr,van
1600,0446_c012_00064220_0_flip,gray,fr,van
1601,0446_c017_00043010_1_flip,gray,fr,van
1602,0446_c017_00043050_1_flip,gray,fr,van
1603,0446_c017_00043075_1_flip,gray,fr,van
1604,0446_c017_00043095_1_flip,gray,fr,van
1605,0467_c014_00014430_0_flip,black,fr,sedan
1606,0467_c017_00015580_0_flip,black,fr,sedan
1607,0473_c001_00005520_0_flip,black,fr,sedan
1608,0476_c014_00010430_0_flip,black,fr,sedan
1609,0476_c017_00011395_1_flip,black,fr,sedan
1610,0477_c006_00059155_0_flip,black,fr,sedan
1611,0477_c012_00019290_0_flip,black,fr,sedan
1612,0477_c014_00018030_0_flip,black,fr,sedan
1613,0477_c014_00018050_0_flip,black,fr,sedan
1614,0489_c004_00084640_0_flip,gray,fr,sedan
1615,0489_c006_00076985_0_flip,gray,fr,sedan
1616,0510_c003_00030235_0_flip,gray,fr,sedan
1617,0510_c003_00030240_0_flip,gray,fr,sedan
1618,0510_c008_00029975_0_flip,gray,fr,sedan
1619,0510_c010_00030850_1_flip,gray,fr,sedan
1620,0518_c017_00046035_0_flip,gray,fr,sedan
1621,0522_c003_00081095_0_flip,gray,fr,sedan
1622,0541_c002_00053260_0_flip,gray,fr,sedan
1623,0541_c008_00051030_0_flip,gray,fr,sedan
1624,0541_c008_00051040_0_flip,gray,fr,sedan
1625,0543_c003_00000350_0_flip,gray,fr,sedan
1626,0543_c008_00000120_0_flip,gray,fr,sedan
1627,0543_c010_00000850_0_flip,gray,fr,sedan
1628,0545_c003_00015065_0_flip,gray,fr,sedan
1629,0545_c010_00015615_0_flip,gray,fr,sedan
1630,0546_c004_00020335_0_flip,gray,fr,sedan
1631,0576_c017_00074685_0_flip,black,fr,suv
1632,0585_c001_00069695_0_flip,black,fr,suv
1633,0585_c003_00025085_1_flip,black,fr,suv
1634,0585_c012_00004420_0_flip,black,fr,suv
1635,0585_c015_00031175_0_flip,black,fr,suv
1636,0585_c015_00031185_0_flip,black,fr,suv
1637,0585_c017_00067420_0_flip,black,fr,suv
1638,0593_c014_00042690_0_flip,black,fr,suv
1639,0602_c012_00023565_0_flip,black,fr,suv
1640,0602_c014_00022130_0_flip,black,fr,suv
1641,0606_c014_00087220_0_flip,black,fr,suv
1642,0606_c017_00088930_0_flip,black,fr,suv
1643,0606_c017_00088970_0_flip,black,fr,suv
1644,0609_c002_00043530_0_flip,black,fr,suv
1645,0609_c003_00042355_0_flip,black,fr,suv
1646,0609_c004_00089115_0_flip,black,fr,suv
1647,0609_c010_00011795_0_flip,black,fr,suv
1648,0609_c010_00042935_0_flip,black,fr,suv
1649,0610_c004_00086610_0_flip,black,fr,suv
1650,0610_c011_00085975_2_flip,black,fr,suv
1651,0610_c014_00071155_0_flip,black,fr,suv
1652,0610_c014_00071170_0_flip,black,fr,suv
1653,0612_c003_00087510_0_flip,black,fr,suv
1654,0612_c008_00087215_0_flip,black,fr,suv
1655,0612_c010_00087950_0_flip,black,fr,suv
1656,0615_c004_00007875_0_flip,black,fr,suv
1657,0624_c008_00059045_0_flip,black,fr,sedan
1658,0630_c002_00039260_0_flip,black,fr,sedan
1659,0630_c004_00051075_0_flip,black,fr,sedan
1660,0630_c008_00036630_0_flip,black,fr,sedan
1661,0630_c010_00037430_0_flip,black,fr,sedan
1662,0634_c004_00056310_1_flip,black,fr,sedan
1663,0642_c017_00021330_0_flip,black,fr,sedan
1664,0642_c017_00021340_0_flip,black,fr,sedan
1665,0646_c014_00006855_0_flip,black,fr,sedan
1666,0654_c003_00018705_0_flip,black,fr,sedan
1667,0654_c010_00019200_0_flip,black,fr,sedan
1668,0654_c010_00019205_0_flip,black,fr,sedan
1669,0657_c002_00067625_0_flip,black,fr,sedan
1670,0657_c003_00064950_1_flip,black,fr,sedan
1671,0659_c008_00074205_0_flip,black,fr,sedan
1672,0659_c010_00074865_0_flip,black,fr,sedan
1673,0660_c014_00028975_1_flip,black,fr,sedan
1674,0663_c010_00038455_0_flip,black,fr,sedan
1675,0672_c001_00049890_0_flip,black,fr,sedan
1676,0672_c003_00042645_1_flip,black,fr,sedan
1677,0672_c003_00042710_0_flip,black,fr,sedan
1678,0677_c003_00042315_0_flip,black,fr,sedan
1679,0677_c006_00044805_0_flip,black,fr,sedan
1680,0677_c008_00041970_0_flip,black,fr,sedan
1681,0677_c011_00044700_0_flip,black,fr,sedan
1682,0687_c010_00020365_0_flip,black,fr,sedan
1683,0698_c014_00049215_0_flip,black,fr,sedan
1684,0712_c010_00036765_0_flip,black,fr,sedan
1685,0717_c003_00040945_0_flip,black,fr,sedan
1686,0717_c003_00040960_0_flip,black,fr,sedan
1687,0717_c008_00062220_0_flip,black,fr,sedan
1688,0720_c003_00069795_0_flip,black,fr,sedan
1689,0721_c002_00064875_0_flip,black,fr,sedan
1690,0727_c004_00000810_0_flip,black,fr,sedan
1691,0742_c010_00027085_0_flip,black,fr,sedan
1692,0742_c010_00027095_0_flip,black,fr,sedan
1693,0753_c008_00047685_0_flip,black,fr,sedan
1694,0753_c010_00048420_0_flip,black,fr,sedan
1695,0753_c010_00048435_0_flip,black,fr,sedan
1696,0770_c001_00033565_0_flip,black,fr,sedan
1697,0770_c012_00033110_0_flip,black,fr,sedan
